allowknock,Objective,Value
2,Threonine,56.964638
2,Biomass,8.951377
3,Threonine,282.383901
3,Biomass,5.022422
4,Threonine,70.446175
4,Biomass,8.740188
5,Threonine,36.177105
5,Biomass,9.277016
6,Threonine,52.98183
6,Biomass,9.013768
7,Threonine,91.031548
7,Biomass,8.384398
8,Threonine,20.423029
8,Biomass,9.45385
9,Threonine,36.093731
9,Biomass,9.278048
